Sample ID	Population	ms36		ms116		ms39		ms80		ms40		ms42		ms81		ms85		ms41		ms66		ms86		ms59	
2013_Bt_0312	Poienita	217	217	349	355	222	222	277	280	183	198	148	154	302	302	267	267	228	237	147	150	286	286	346	350
2013_Bt_0313	Poienita	226	229	349	358	222	222	277	280	195	198	148	154	302	302	267	267	228	237	150	156	286	286	350	354
2013_Bt_0314	Poienita	232	235	349	355	228	231	274	280	195	201	148	154	302	306	267	267	228	228	150	153	286	289	354	354
2013_Bt_0315	Poienita	226	241	349	355	222	225	277	277	195	198	154	154	302	302	267	267	228	228	135	156	286	286	350	358
2013_Bt_0317	Poienita	232	238	355	355	222	222	277	277	195	198	148	154	302	306	267	267	228	228	144	156	286	289	342	354
2013_Bt_0320	Poienita	232	235	355	358	222	225	277	277	195	195	145	148	306	306	267	267	228	228	135	156	280	286	354	358
2013_Bt_0322	Poienita	223	226	349	349	222	225	277	280	183	195	148	154	302	302	267	267	228	231	156	156	280	295	358	362
2013_Bt_0323	Poienita	238	238	355	355	222	225	277	277	195	195	148	154	302	302	267	267	228	228	150	159	286	286	358	358
2013_Bt_0325	Poienita	226	232	349	355	225	225	277	280	198	201	148	154	302	306	267	267	228	237	135	144	280	286	350	350
2013_Bt_0327	Poienita	229	235	349	355	222	225	277	277	183	195	154	154	302	302	267	267	228	228	144	171	286	289	342	354
2013_Bt_0329	Poienita	229	232	349	355	222	222	277	277	204	207	154	154	302	302	267	267	228	228	156	156	286	286	342	354
2013_Bt_0330	Poienita	226	235	349	358	225	225	277	280	195	198	148	154	302	306	267	267	225	228	156	165	286	289	350	350
Bt_2014_104	Topa Mica	223	226	349	355	222	231	277	277	198	198	154	154	302	302	264	267	228	228	156	156	277	286	350	362
Bt_2014_105	Topa Mica	223	226	349	355	225	228	277	280	192	201	148	154	302	306	264	267	225	228	135	171	286	289	350	354
Bt_2014_106	Topa Mica	217	217	355	358	222	222	274	277	195	198	154	154	302	302	267	267	225	228	156	156	286	289	354	366
Bt_2014_107	Topa Mica	217	226	349	349	225	225	277	277	201	201	148	151	302	302	267	267	228	228	150	150	277	295	350	354
Bt_2014_108	Topa Mica	226	226	355	355	225	231	277	277	195	198	154	154	302	310	267	267	228	228	135	156	280	286	350	350
Bt_2014_109	Topa Mica	226	232	355	355	222	225	277	280	198	198	148	154	302	306	267	267	228	228	132	156	280	286	358	358
Bt_2014_110	Topa Mica	217	217	349	355	222	225	277	277	192	198	151	154	298	298	264	267	228	228	150	150	280	286	350	354
Bt_2014_111	Topa Mica	217	235	355	358	222	225	280	283	195	198	148	154	302	302	267	267	228	228	156	159	286	286	354	354
Bt_2014_112	Topa Mica	229	232	349	355	222	225	277	280	195	198	148	154	302	302	267	270	228	228	135	144	286	292	350	358
Bt_2014_113	Topa Mica	226	229	349	355	222	225	277	280	195	201	154	154	302	302	267	267	228	228	135	150	286	289	354	362
Bt_2014_114	Topa Mica	220	232	349	355	225	225	277	277	195	198	148	148	302	302	267	267	225	228	135	156	286	286	354	354
Bt_2014_115	Topa Mica	217	226	355	355	222	228	277	280	195	201	148	154	302	302	267	273	228	228	150	156	286	289	350	354
Bt_2014_116	Topa Mica	217	217	349	355	225	225	277	280	198	201	148	154	302	302	267	267	228	228	144	150	280	289	342	354
Bt_2014_117	Topa Mica	226	238	355	358	222	225	277	277	195	195	154	154	302	306	267	267	228	228	147	150	286	286	350	354
Bt_2014_118	Topa Mica	217	232	355	358	225	225	274	277	192	198	154	154	302	306	267	267	228	228	135	156	286	289	354	354
Bt_2014_119	Topa Mica	217	217	355	355	222	231	277	280	195	201	154	154	302	302	267	267	228	228	156	156	286	286	354	362
Bt_2014_120	Topa Mica	223	223	355	355	222	225	277	277	195	198	148	148	302	302	264	267	228	237	135	156	277	286	354	354
Bt_2014_121	Topa Mica	217	235	349	358	222	225	277	277	195	195	148	154	302	306	267	267	225	228	144	156	280	289	342	354
Bt_2014_122	Topa Mica	217	223	355	355	222	225	277	280	198	198	154	154	302	306	267	270	225	228	144	156	286	286	350	354
Bt_2014_128	Baita Plai	211	220	355	358	225	225	277	277	198	198	148	157	302	306	264	267	228	228	153	162	286	289	350	358
Bt_2014_129	Baita Plai	217	235	355	355	222	222	277	277	198	201	154	154	306	306	267	267	228	228	135	150	286	289	350	354
Bt_2014_130	Baita Plai	220	226	355	358	225	225	277	277	198	201	148	154	302	302	267	267	228	228	150	153	286	286	354	362
Bt_2014_133	Baita Plai	211	226	355	355	222	225	274	277	198	204	148	148	302	306	267	267	228	228	150	156	286	286	354	358
Bt_2014_135	Baita Plai	217	232	352	355	222	225	274	277	198	201	154	154	298	306	264	267	228	228	135	159	286	286	342	354
Bt_2014_136	Baita Plai	217	220	355	355	225	231	277	277	195	198	154	154	302	302	267	267	225	228	144	159	280	286	354	354
Bt_2014_138	Baita Plai	217	229	355	355	225	225	280	280	195	201	148	154	302	306	267	267	228	228	144	165	280	286	354	354
Bt_2014_141	Baita Plai	211	217	355	355	225	225	277	280	183	195	148	148	302	302	267	270	228	228	150	156	286	286	350	358
Bt_2014_143	Baita Plai	217	235	349	355	222	222	277	280	195	198	154	154	302	302	267	267	228	228	135	150	280	286	354	354
Bt_2014_146	Baita Plai	232	238	355	355	222	225	280	280	183	198	148	154	302	306	267	267	228	228	150	156	286	295	346	354
Bt_2014_154	Pietroasa	217	232	355	355	222	222	277	280	183	195	148	154	302	306	267	267	228	237	135	144	286	286	354	354
Bt_2014_157	Pietroasa	217	232	355	355	222	225	277	280	183	195	148	154	302	302	267	267	228	237	135	135	286	286	346	354
Bt_2014_158	Pietroasa	220	226	349	355	225	225	274	277	195	198	148	148	302	306	267	267	225	234	150	171	277	280	354	358
Bt_2014_159	Pietroasa	223	235	349	349	222	225	277	280	183	201	148	154	302	302	267	267	225	225	153	156	277	289	350	354
Bt_2014_161	Pietroasa	226	238	349	355	222	225	277	280	195	198	154	157	302	302	267	267	228	228	144	156	277	286	350	358
Bt_2014_163	Pietroasa	226	226	349	355	225	228	277	277	198	198	148	157	302	306	264	267	228	228	144	174	286	289	354	354
Bt_2014_164	Pietroasa	211	226	355	355	222	231	277	280	195	201	154	154	306	306	267	273	228	237	156	156	289	295	354	354
Bt_2014_166	Pietroasa	217	235	355	358	222	225	277	280	198	201	151	154	302	302	267	267	228	228	135	144	286	286	350	354
Bt_2014_167	Pietroasa	217	232	355	355	222	225	277	280	204	204	148	148	306	306	267	267	228	228	135	135	280	280	354	354
Bt_2014_192	Valea Hotarului	217	232	355	355	222	225	277	277	198	201	154	154	302	302	267	267	228	228	144	153	280	286	350	366
Bt_2014_193	Valea Hotarului	217	232	349	355	225	225	277	280	198	198	154	154	302	306	267	267	228	228	120	147	286	289	350	354
Bt_2014_195	Valea Hotarului	223	226	355	355	225	225	277	280	198	201	148	154	302	306	267	267	228	228	144	156	286	289	354	354
Bt_2014_196	Valea Hotarului	217	232	355	358	225	231	277	277	195	195	154	154	302	302	267	267	228	228	156	156	286	289	354	354
Bt_2014_197	Valea Hotarului	217	241	355	358	222	225	277	277	195	198	148	154	302	306	267	267	228	228	135	156	286	289	350	358
Bt_2014_198	Valea Hotarului	217	226	349	355	222	225	277	277	195	195	154	154	306	306	267	267	237	237	156	165	286	286	354	354
Bt_2014_199	Valea Hotarului	217	226	355	355	225	228	277	277	195	201	148	154	302	302	267	267	228	228	144	150	277	280	346	358
Bt_2014_200	Valea Hotarului	226	238	349	355	222	225	277	277	198	201	154	154	302	302	267	267	225	228	144	150	286	286	350	354
Bt_2014_201	Valea Hotarului	217	235	349	355	225	225	277	280	195	198	154	154	302	306	267	273	228	228	156	174	286	289	354	354
Bt_2014_202	Valea Hotarului	226	232	349	358	225	225	277	277	195	195	148	154	302	302	267	267	228	237	144	156	280	286	350	350
Bt_2014_204	Valea Hotarului	217	226	349	355	225	225	277	277	195	198	148	154	306	306	267	267	228	228	156	156	280	286	346	354
Bt_2014_205	Valea Hotarului	217	226	355	355	225	228	277	280	195	198	148	154	302	302	267	267	228	228	135	156	286	286	354	362
Bt_2014_206	Valea Hotarului	223	226	349	355	222	225	277	277	198	198	154	154	302	302	264	267	228	228	144	156	286	286	354	358
Bt_2014_207	Valea Hotarului	232	241	349	355	225	225	277	277	195	201	148	148	0	0	267	267	228	228	129	135	286	286	350	354
Bt_2014_209	Valea Hotarului	211	226	349	355	222	225	277	277	183	195	148	154	302	306	267	267	228	237	150	150	286	289	354	358
Bt_2014_211	Valea Hotarului	217	223	352	355	222	231	280	280	198	201	148	154	302	302	267	267	228	228	144	162	277	286	346	354
Bt_2014_212	Valea Hotarului	220	229	355	355	222	225	277	277	195	201	154	154	302	306	267	267	228	237	156	156	280	286	354	354
Bt_2014_219	Carei	217	223	355	355	231	231	277	277	198	201	148	148	302	302	267	267	228	228	156	156	277	286	358	358
Bt_2014_221	Carei	214	232	346	355	222	222	277	280	195	201	154	154	302	306	267	267	225	228	132	135	286	292	354	358
Bt_2014_223	Carei	211	217	346	349	222	225	277	277	198	201	148	157	302	306	267	267	228	228	150	156	280	286	354	354
Bt_2014_225	Carei	229	232	355	358	222	225	277	277	201	201	154	154	302	302	267	267	228	228	150	156	277	286	354	370
Bt_2014_226	Carei	229	238	355	358	222	222	280	280	195	201	154	154	302	306	264	267	228	228	156	156	280	286	346	354
Bt_2014_228	Carei	226	238	349	355	225	225	277	277	198	207	148	151	302	306	267	267	225	225	135	150	277	286	346	362
Bt_2014_232	Carei	211	220	355	355	222	225	277	280	195	198	148	148	302	306	267	267	228	228	132	156	277	286	350	354
Bt_2014_233	Carei	217	226	355	355	225	225	277	280	195	201	148	154	302	306	267	267	225	228	144	150	277	286	342	350
Bt_2014_234	Carei	217	217	358	358	222	222	277	277	201	207	148	154	302	306	264	267	228	228	144	144	286	295	350	358
Bt_2014_235	Carei	211	232	355	358	225	228	277	277	198	201	148	151	302	306	267	267	228	228	156	156	286	286	354	354
Bt_2014_236	Carei	223	238	355	355	0	0	277	280	195	201	154	154	302	306	267	267	228	228	156	156	286	286	350	358
Bt_2014_237	Carei	220	238	349	355	225	225	277	277	195	201	148	148	302	302	267	267	228	228	144	156	277	286	354	362
Bt_2014_238	Carei	217	232	349	358	222	228	280	280	195	201	148	148	302	306	267	267	228	228	144	156	277	286	346	354
Bt_2014_241	Carei	217	232	355	355	228	231	277	277	195	195	148	154	302	302	267	273	228	228	135	150	286	286	354	358
2017_Bombus_042	Blandesti	226	229	355	358	225	225	280	280	192	195	148	148	302	302	267	267	228	228	144	156	286	286	350	354
2017_Bombus_043	Blandesti	223	229	349	355	225	225	277	277	195	198	148	151	302	306	267	267	225	228	153	156	286	286	354	354
2017_Bombus_044	Blandesti	217	217	349	349	222	225	277	277	195	201	148	154	302	302	267	267	228	228	135	165	286	289	354	358
2017_Bombus_045	Blandesti	223	232	355	358	225	228	277	277	195	201	154	154	302	302	267	267	228	234	150	171	280	289	354	358
2017_Bombus_046	Blandesti	223	232	349	355	222	222	280	280	195	201	148	151	302	302	267	267	225	228	150	162	280	286	350	354
2017_Bombus_047	Blandesti	217	226	355	355	225	231	277	277	195	198	148	148	302	302	267	267	225	228	156	156	277	289	354	354
2017_Bombus_048	Blandesti	217	223	355	358	222	225	277	277	195	198	148	154	302	306	264	267	228	228	135	156	277	289	346	354
2017_Bombus_049	Blandesti	217	217	355	355	225	225	277	277	183	195	148	157	302	302	267	267	228	228	156	165	286	286	350	362
2017_Bombus_050	Blandesti	217	217	349	355	222	225	277	277	195	195	148	154	302	302	267	267	228	237	159	180	286	286	342	350
2017_Bombus_051	Blandesti	217	217	355	355	222	225	277	280	195	201	154	154	306	306	264	267	228	228	144	156	286	286	346	354
2017_Bombus_052	Blandesti	223	226	355	364	225	225	277	280	195	198	148	154	302	306	267	267	228	228	156	156	286	286	354	354
2017_Bombus_053	Blandesti	217	223	355	358	222	225	277	280	195	195	148	154	302	302	267	267	228	228	135	156	277	286	350	354
2017_Bombus_054	Blandesti	229	238	355	358	225	225	277	277	198	201	151	154	302	302	264	267	228	228	135	156	289	289	354	354
2017_Bombus_055	Blandesti	217	232	355	361	225	225	277	277	198	198	148	154	306	306	267	267	228	228	150	156	280	286	350	354
2017_Bombus_056	Blandesti	217	241	349	355	222	225	277	277	195	201	148	154	302	306	267	267	228	237	144	156	286	289	358	358
2017_Bombus_057	Blandesti	217	217	355	358	222	231	277	280	183	195	154	154	302	306	267	267	228	228	156	156	286	286	350	354
2017_Bombus_058	Blandesti	217	226	355	355	222	225	277	280	195	198	154	157	302	302	267	267	228	228	150	150	286	286	346	350
2017_Bombus_059	Blandesti	226	226	355	358	225	225	277	277	198	201	145	154	302	302	267	267	237	243	156	174	286	289	350	350
2017_Bombus_061	Blandesti	217	217	352	355	222	222	277	277	198	198	148	148	302	306	267	267	228	237	150	150	277	280	354	358
2017_Bombus_075	Dobrovat	217	232	355	355	222	225	277	280	195	195	154	154	302	306	264	267	228	228	150	159	286	286	354	354
2017_Bombus_076	Dobrovat	217	223	355	355	225	225	277	277	195	198	154	154	302	302	267	267	228	228	132	156	286	286	350	350
2017_Bombus_078	Dobrovat	226	238	355	355	222	228	277	280	195	198	154	154	302	306	267	267	228	228	150	150	286	286	350	354
2017_Bombus_079	Dobrovat	226	229	355	358	222	225	277	277	201	201	148	148	306	306	267	267	228	228	150	153	280	286	350	354
2017_Bombus_080	Dobrovat	217	226	352	355	222	225	277	280	201	201	151	154	302	302	267	267	228	231	159	165	280	286	350	354
2017_Bombus_081	Dobrovat	217	226	355	355	222	225	277	280	183	195	148	154	302	302	267	267	237	237	135	144	286	289	342	346
2017_Bombus_083	Dobrovat	217	235	355	358	222	222	277	280	195	201	148	148	306	306	264	267	228	237	150	156	277	280	358	362
2017_Bombus_084	Dobrovat	229	235	355	358	222	228	277	277	195	198	148	154	302	302	267	267	228	228	150	156	280	286	342	350
2017_Bombus_086	Dobrovat	217	226	355	355	225	231	277	277	201	204	148	154	302	306	267	267	228	228	135	150	280	286	354	354
2017_Bombus_087	Dobrovat	217	232	355	355	222	225	277	280	198	198	148	148	302	302	267	267	228	231	129	162	277	289	338	350
2017_Bombus_088	Dobrovat	217	226	355	358	222	231	277	277	195	198	154	154	302	306	267	267	228	237	156	174	286	286	354	354
2017_Bombus_089	Dobrovat	229	232	355	355	222	225	277	280	195	201	148	154	302	302	267	267	228	228	129	156	286	289	354	354
2017_Bombus_090	Dobrovat	217	226	349	358	225	231	277	277	198	198	148	148	302	302	267	267	228	228	135	156	280	283	354	354
2017_Bombus_091	Dobrovat	217	223	355	355	225	231	277	277	195	198	148	148	302	302	267	267	228	228	144	156	286	286	342	350
2017_Bombus_092	Dobrovat	217	238	349	349	222	225	277	280	195	195	154	154	302	302	267	267	228	228	156	156	280	286	354	354
2017_Bombus_093	Dobrovat	229	238	355	355	225	225	277	280	201	201	148	154	302	306	267	267	225	228	135	156	280	286	354	358
2017_Bombus_095	Dobrovat	229	232	355	355	225	231	274	280	198	204	148	151	302	306	267	267	225	237	135	150	277	286	342	354
2017_Bombus_096	Dobrovat	226	226	349	355	225	225	277	277	198	198	148	154	302	302	267	267	228	228	156	156	286	286	358	362
2017_Bombus_102	Drӑgusani	217	223	349	355	222	222	277	277	195	201	151	154	302	302	267	267	225	228	150	153	277	286	350	350
2017_Bombus_103	Drӑgusani	217	235	355	355	225	225	277	277	201	201	148	154	302	302	267	267	228	237	135	156	286	286	354	358
2017_Bombus_104	Drӑgusani	217	235	355	358	222	225	277	277	195	198	148	154	302	306	267	267	228	237	135	156	277	286	350	354
2017_Bombus_106	Drӑgusani	217	232	349	355	225	231	277	280	198	198	148	154	302	306	267	267	228	228	150	162	286	286	350	354
2017_Bombus_109	Drӑgusani	211	211	355	355	222	222	277	277	195	201	151	151	0	0	0	0	222	234	153	153	280	280	358	366
2017_Bombus_110	Drӑgusani	217	238	349	355	222	225	277	277	183	195	154	154	302	302	264	267	228	228	144	150	286	286	354	358
2017_Bombus_111	Drӑgusani	235	238	349	358	222	225	277	277	201	201	148	148	302	306	267	267	228	237	144	144	289	292	354	358
2017_Bombus_112	Drӑgusani	226	226	355	355	222	225	277	280	195	198	148	157	302	306	264	267	228	228	156	174	286	289	350	354
2017_Bombus_113	Drӑgusani	220	229	355	355	222	228	280	280	195	201	154	154	302	302	267	267	225	228	156	156	286	286	354	354
2017_Bombus_114	Drӑgusani	226	235	349	355	222	225	277	280	195	201	148	148	302	302	267	267	228	228	150	156	286	286	354	354
2017_Bombus_115	Drӑgusani	226	226	355	355	225	225	277	277	195	195	148	154	302	302	267	267	228	228	144	150	286	289	350	350
2017_Bombus_116	Drӑgusani	226	229	355	355	225	231	277	280	198	204	148	148	306	306	267	267	228	228	150	153	286	286	350	362
2017_Bombus_117	Drӑgusani	220	229	355	361	222	225	277	277	195	198	154	154	302	302	267	267	228	228	144	150	286	286	346	350
2017_Bombus_118	Drӑgusani	217	226	355	358	225	228	277	280	198	201	148	151	302	302	267	267	228	228	135	144	286	289	346	354
2017_Bombus_119	Drӑgusani	217	229	358	361	225	225	277	277	195	201	154	154	302	302	267	267	228	237	135	150	286	286	346	346
2017_Bombus_120	Drӑgusani	220	235	355	355	225	225	277	277	201	201	148	154	302	306	267	273	228	228	129	162	277	286	358	358
2017_Bombus_121	Drӑgusani	217	217	355	355	225	225	277	277	198	201	148	151	302	306	267	267	225	228	156	156	280	286	350	354
2017_Bombus_122	Drӑgusani	220	223	355	358	222	228	277	280	195	198	148	148	302	306	267	267	228	243	150	156	286	289	346	358
2017_Bombus_126	Drӑgusani	214	217	355	355	222	225	277	280	195	201	148	148	302	306	267	267	228	228	144	162	286	286	354	354
2017_Bombus_127	Drӑgusani	220	238	349	355	222	222	277	277	198	201	151	154	302	302	267	267	228	228	135	159	286	289	342	354
2017_Bombus_128	Rish	232	232	349	349	225	225	277	277	195	195	148	154	302	306	267	267	225	225	144	156	286	286	354	354
2017_Bombus_129	Rish	214	226	349	355	222	222	277	277	198	201	154	154	302	306	264	267	228	237	135	144	286	289	346	354
2017_Bombus_130	Rish	223	226	355	355	225	225	277	280	198	201	148	154	302	302	267	267	228	228	150	156	280	289	354	354
2017_Bombus_131	Rish	217	235	349	355	225	228	277	280	195	198	148	148	302	306	267	267	228	228	156	156	286	286	342	354
2017_Bombus_132	Rish	226	226	349	355	222	231	277	277	198	201	148	148	302	306	267	267	228	228	147	156	286	286	354	354
2017_Bombus_133	Rish	217	235	349	358	225	231	280	280	195	198	151	154	302	302	267	267	228	228	135	135	277	277	354	354
2017_Bombus_134	Rish	226	229	355	358	222	225	277	277	183	198	148	157	302	306	267	267	0	0	123	156	286	289	350	354
2017_Bombus_135	Rish	0	0	355	355	225	225	277	277	0	0	148	154	302	306	267	267	228	228	0	0	0	0	342	354
2017_Bombus_136	Rish	217	235	355	355	225	231	277	280	195	201	154	154	306	306	267	273	225	228	156	156	286	286	354	358
2017_Bombus_138	Rish	223	226	355	355	222	231	274	280	183	198	148	148	302	306	267	267	228	228	144	156	286	289	346	354
2017_Bombus_139	Rish	217	235	349	358	225	225	277	277	183	201	154	157	306	306	267	267	228	234	132	144	286	292	354	362
2017_Bombus_140	Rish	232	235	355	358	222	228	277	277	195	201	148	148	302	306	267	267	228	234	150	156	286	286	358	358
2017_Bombus_144	Rish	214	217	355	355	222	225	280	280	198	201	148	151	302	302	267	267	228	228	150	171	286	286	350	350
2017_Bombus_150	Rish	226	232	355	355	225	228	277	280	198	198	148	154	302	306	267	267	228	228	135	150	286	286	350	350
2017_Bombus_151	Rish	226	232	349	355	222	222	280	280	198	201	148	154	302	302	267	267	228	237	144	156	286	286	346	358
2017_Bombus_152	Rish	220	229	355	355	225	225	277	280	183	198	148	154	302	302	267	267	225	237	135	156	280	286	350	354
2017_Bombus_153	Rish	232	238	349	355	222	222	277	280	201	207	148	154	302	302	267	267	225	228	150	156	286	286	350	354
2017_Bombus_158	Rish	226	226	346	352	222	225	277	277	195	198	148	148	302	306	267	267	228	228	144	153	280	286	354	354
2017_Bombus_160	Stambolovo	217	217	355	355	222	222	277	280	195	198	148	154	302	302	267	267	225	228	156	156	286	286	350	354
2017_Bombus_161	Stambolovo	217	229	355	358	228	228	277	280	195	198	154	154	302	306	267	267	237	237	135	156	286	292	350	354
2017_Bombus_162	Stambolovo	217	223	355	355	222	225	274	280	183	198	148	154	302	302	264	267	228	234	147	156	286	286	346	350
2017_Bombus_163	Stambolovo	226	226	355	358	225	225	277	277	198	198	154	154	302	302	267	267	228	228	144	156	286	286	362	366
2017_Bombus_164	Stambolovo	229	232	355	355	222	225	277	277	198	201	148	154	302	302	267	267	225	237	144	162	280	289	354	354
2017_Bombus_165	Stambolovo	220	226	349	349	222	231	277	277	195	201	148	151	302	306	267	267	228	228	150	156	286	286	358	358
2017_Bombus_166	Stambolovo	217	220	355	358	231	231	277	277	198	198	154	154	302	302	267	267	225	225	129	156	280	286	346	350
2017_Bombus_167	Stambolovo	226	226	349	355	225	225	277	277	195	195	148	154	302	302	267	267	228	228	147	171	280	286	342	354
2017_Bombus_170	Stambolovo	226	226	355	358	222	225	277	277	198	198	148	154	302	302	267	267	228	228	144	156	286	289	354	366
2017_Bombus_171	Stambolovo	220	226	349	349	222	222	277	280	195	198	154	154	306	306	267	267	228	228	144	150	277	286	346	354
2017_Bombus_172	Stambolovo	217	232	349	358	225	225	280	280	195	195	154	154	302	302	267	267	228	228	135	156	286	286	354	354
2017_Bombus_173	Stambolovo	217	223	355	358	222	222	277	280	195	198	154	154	302	302	267	267	228	228	135	135	280	280	354	354
2017_Bombus_174	Stambolovo	217	229	355	358	231	231	277	280	183	198	154	154	302	302	267	267	225	228	156	156	286	295	346	350
2017_Bombus_255	Strumeshnitsa	217	226	349	355	225	225	277	277	198	198	148	151	302	306	267	267	225	228	156	156	280	289	354	354
2017_Bombus_257	Strumeshnitsa	0	0	361	361	222	225	286	286	201	210	151	151	298	298	267	267	0	0	138	141	0	0	342	342
2017_Bombus_260	Strumeshnitsa	226	232	346	349	225	225	277	277	195	201	154	157	302	302	267	267	228	228	144	150	280	289	338	346
2017_Bombus_261	Strumeshnitsa	220	226	355	358	225	225	277	277	183	195	148	154	302	302	267	267	228	228	144	156	280	280	354	358
2017_Bombus_262	Strumeshnitsa	226	235	349	355	222	225	277	277	195	198	148	154	302	302	267	267	225	225	150	156	286	286	346	358
2017_Bombus_266	Strumeshnitsa	226	226	355	358	225	225	277	280	195	201	148	154	302	302	267	267	228	243	156	165	280	289	350	354
2017_Bombus_267	Strumeshnitsa	217	217	349	355	222	228	277	280	183	195	148	148	302	302	267	267	228	228	156	159	277	286	350	358
2017_Bombus_268	Strumeshnitsa	220	223	355	355	222	225	280	280	183	195	148	154	302	306	267	267	228	228	150	162	280	280	350	354
2017_Bombus_269	Strumeshnitsa	217	226	355	355	225	231	277	280	198	201	148	148	302	306	267	267	228	228	144	156	280	286	350	354
2017_Bombus_271	Strumeshnitsa	217	220	349	355	225	225	277	277	201	204	148	157	302	302	267	267	228	237	120	144	286	286	354	354
2017_Bombus_272	Strumeshnitsa	226	229	349	358	222	231	277	277	198	201	148	154	302	302	264	264	228	228	135	150	286	286	354	354
2017_Bombus_273	Strumeshnitsa	211	217	355	355	222	231	277	277	195	198	154	154	302	302	267	267	228	228	150	165	286	289	346	346
2017_Bombus_274	Strumeshnitsa	226	232	355	355	222	225	277	277	195	201	154	154	302	302	267	267	228	228	156	159	286	286	346	354
2017_Bombus_275	Strumeshnitsa	214	217	355	355	225	225	277	277	195	201	154	154	302	306	267	267	228	228	150	156	289	295	342	354
2017_Bombus_276	Kamenitsa	229	232	355	355	225	231	277	283	195	195	148	154	302	302	267	267	228	228	150	156	289	289	354	358
2017_Bombus_277	Kamenitsa	223	223	346	349	225	225	277	277	183	201	148	148	302	306	267	267	228	228	156	156	286	286	354	358
2017_Bombus_278	Kamenitsa	217	232	355	358	225	231	277	277	195	198	148	151	302	302	267	267	228	228	150	156	286	286	358	362
2017_Bombus_279	Kamenitsa	226	229	349	355	222	225	277	280	183	201	148	154	302	302	267	267	228	228	135	156	286	286	354	358
2017_Bombus_280	Kamenitsa	223	223	346	355	225	225	277	277	195	198	148	148	302	302	267	267	228	228	135	156	286	298	350	350
2017_Bombus_282	Kamenitsa	217	229	355	355	225	231	280	280	198	198	148	148	302	302	267	267	228	228	144	147	286	289	354	362
2017_Bombus_284	Kamenitsa	223	235	346	355	222	225	277	280	198	198	148	148	302	302	267	267	228	228	144	147	286	289	354	362
2017_Bombus_285	Kamenitsa	235	235	346	355	222	225	277	277	195	198	148	148	302	302	267	267	228	228	144	165	286	289	354	362
2017_Bombus_286	Kamenitsa	232	232	355	355	225	225	277	277	195	198	148	154	302	306	267	267	228	228	144	156	280	289	350	354
2017_Bombus_288	Kamenitsa	217	241	355	355	228	231	277	280	195	201	148	154	302	302	267	267	228	228	135	162	286	289	350	354
2017_Bombus_291	Brebu	217	217	349	355	222	225	277	277	198	201	148	154	302	306	267	267	228	228	135	138	289	298	350	354
2017_Bombus_292	Brebu	226	232	355	355	225	225	277	277	195	198	148	154	302	302	264	267	225	228	150	156	286	286	342	362
2017_Bombus_293	Brebu	217	223	355	355	222	222	280	280	195	195	148	154	302	306	267	267	228	228	135	147	280	286	338	350
2017_Bombus_294	Brebu	229	232	355	355	222	225	277	277	198	198	154	154	302	302	264	267	228	228	150	150	286	286	350	354
2017_Bombus_295	Brebu	229	229	355	355	222	225	277	277	195	207	151	154	302	302	267	267	228	228	150	156	286	289	350	358
2017_Bombus_298	Brebu	217	217	355	355	222	225	277	277	195	201	154	154	302	302	264	267	228	228	135	147	286	286	350	350
2017_Bombus_299	Brebu	229	238	355	358	225	225	277	280	189	192	148	148	302	302	267	267	228	228	135	156	277	286	346	354
2017_Bombus_300	Brebu	232	235	349	355	225	225	277	277	195	198	154	154	302	302	267	267	228	228	150	150	286	286	350	350
2017_Bombus_302	Brebu	217	226	349	355	231	231	277	277	195	201	145	148	302	302	267	267	228	228	156	174	286	286	350	362
2017_Bombus_303	Brebu	220	229	355	358	222	222	277	280	198	198	154	154	302	306	267	267	225	228	129	156	286	286	354	354
2017_Bombus_304	Brebu	217	226	355	358	216	222	277	280	198	198	154	154	302	302	267	267	228	237	150	150	286	289	350	354
2017_Bombus_306	Brebu	223	223	349	349	225	225	277	277	198	207	148	148	302	306	267	267	237	237	156	171	280	286	354	358
2017_Bombus_307	Brebu	217	229	355	355	225	225	277	280	198	201	148	154	302	302	267	267	228	228	144	156	286	289	350	354
2017_Bombus_309	Brebu	211	229	349	355	225	225	277	280	195	195	148	154	306	306	267	267	228	228	135	156	277	277	354	354
2017_Bombus_310	Brebu	217	226	358	361	225	225	280	280	183	198	148	148	302	302	267	267	228	228	150	153	286	286	354	358
2017_Bombus_311	Brebu	211	217	349	349	225	231	277	277	192	204	154	154	302	302	267	267	228	228	144	156	286	286	354	354
2017_Bombus_312	Brebu	226	232	352	355	222	222	277	277	195	195	148	148	302	302	267	267	228	228	150	156	286	286	354	358
2017_Bombus_314	Gothal	226	226	355	355	225	225	277	280	198	201	148	154	302	302	264	267	228	237	129	144	280	286	354	358
2017_Bombus_315	Gothal	217	223	355	355	225	228	277	277	195	198	148	154	302	306	267	267	228	228	135	150	280	289	346	350
2017_Bombus_316	Gothal	217	226	355	355	222	225	277	277	195	201	148	154	302	302	267	267	228	228	135	156	280	286	354	354
2017_Bombus_318	Gothal	229	232	346	355	225	231	277	280	195	201	148	154	302	302	267	267	225	228	141	150	286	289	350	354
2017_Bombus_319	Gothal	217	226	355	358	222	225	277	280	201	210	148	148	302	302	267	267	228	231	156	165	286	289	342	354
2017_Bombus_320	Gothal	214	226	346	355	225	231	277	277	195	195	148	148	302	306	267	267	228	228	150	156	277	286	350	354
2017_Bombus_321	Gothal	211	232	355	355	225	231	280	280	201	207	148	148	302	306	267	267	228	234	153	174	286	286	354	358
2017_Bombus_322	Gothal	217	217	355	355	222	225	277	280	192	201	154	154	302	302	267	270	228	228	144	150	280	286	350	354
2017_Bombus_323	Gothal	217	232	349	355	225	225	277	277	201	201	148	151	302	306	267	267	228	228	153	156	286	289	346	354
2017_Bombus_324	Gothal	217	226	355	361	222	225	277	277	198	201	148	154	302	302	267	267	228	228	150	156	280	286	354	354
2017_Bombus_327	Gothal	217	235	355	355	222	225	277	277	198	201	148	154	302	306	267	267	228	228	156	156	280	298	350	354
2017_Bombus_328	Gothal	220	232	355	355	222	225	277	277	201	201	148	148	302	302	267	267	228	237	150	156	280	286	354	354
2017_Bombus_329	Gothal	211	217	355	355	225	225	277	277	183	195	154	154	302	306	267	267	225	228	144	156	286	286	354	362
2017_Bombus_330	Gothal	229	229	349	355	222	225	277	277	201	201	148	154	302	302	267	267	228	228	156	159	286	286	350	354
2017_Bombus_337	Gothal	226	232	355	358	222	222	277	277	195	195	154	154	302	306	267	267	228	228	144	156	286	286	346	354
2017_Bombus_341	Gothal	217	217	355	355	222	225	277	277	195	198	148	148	302	306	267	267	228	228	135	135	286	289	350	354
2017_Bombus_343	Föen	217	232	358	358	228	228	280	280	198	198	148	148	302	302	267	267	228	237	156	156	286	286	346	354
2017_Bombus_344	Föen	223	226	355	355	225	231	277	277	195	198	148	148	302	302	267	267	228	228	132	156	286	286	350	354
2017_Bombus_345	Föen	217	238	355	355	222	231	277	277	198	201	154	154	302	302	267	267	225	228	135	144	286	289	354	354
2017_Bombus_347	Föen	226	232	355	358	225	225	277	280	195	198	154	154	302	302	267	267	228	237	144	150	286	286	354	354
2017_Bombus_349	Föen	223	238	349	355	225	225	277	277	183	201	148	154	302	302	267	267	228	234	150	150	286	286	354	354
2017_Bombus_350	Föen	217	217	355	355	222	225	277	277	201	207	148	154	302	302	267	267	228	228	147	156	280	286	354	358
2017_Bombus_351	Föen	217	223	352	355	225	225	277	277	195	195	148	151	302	302	267	267	228	228	153	156	286	289	354	362
2017_Bombus_352	Föen	217	220	355	358	225	228	280	280	195	198	148	148	302	302	267	267	228	237	150	156	286	286	346	354
2017_Bombus_353	Föen	217	229	355	358	222	222	277	280	195	195	148	154	302	302	267	267	228	228	135	153	286	286	350	350
2017_Bombus_354	Föen	217	235	355	355	222	225	277	280	195	201	154	154	302	306	267	267	228	237	144	156	280	286	354	354
2017_Bombus_355	Föen	220	220	349	358	222	222	277	280	198	207	154	154	302	306	267	267	219	228	156	156	286	286	346	354
2017_Bombus_356	Föen	217	229	355	358	225	225	277	277	198	204	148	154	302	302	267	267	228	228	132	144	286	286	350	354
2017_Bombus_358	Föen	217	217	349	355	225	225	280	280	183	198	148	157	302	302	267	267	228	228	144	156	286	289	346	350
2017_Bombus_359	Föen	217	235	355	358	222	222	277	277	198	198	148	154	302	306	267	267	228	231	144	168	286	289	350	354
2017_Bombus_366	Föen	226	229	349	349	222	222	277	277	195	201	148	154	302	306	267	267	228	228	129	174	289	292	350	354
2013_Bt_0069	Koevtsi	217	217	355	358	225	225	277	280	198	201	148	154	302	306	267	267	228	234	156	156	286	286	346	350
2013_Bt_0070	Koevtsi	208	229	355	355	225	225	277	280	198	201	154	157	302	302	264	267	228	228	147	180	286	286	342	354
2013_Bt_0071	Koevtsi	226	229	355	358	222	222	274	280	195	198	154	154	302	302	267	267	228	228	156	165	286	295	342	358
2013_Bt_0073	Koevtsi	211	226	355	355	222	225	277	280	198	198	148	154	302	306	264	267	225	237	150	165	277	286	350	354
2013_Bt_0074	Koevtsi	208	232	355	355	225	225	277	277	201	201	154	157	302	302	267	267	228	228	135	147	286	286	342	354
2013_Bt_0075	Koevtsi	211	232	346	355	225	225	277	277	195	204	151	154	302	302	267	267	225	228	156	156	286	289	350	354
2013_Bt_0076	Koevtsi	229	232	355	358	225	225	277	280	195	195	154	154	302	306	264	267	228	237	135	156	286	286	350	354
2013_Bt_0077	Koevtsi	229	232	352	355	225	231	277	277	198	198	154	154	302	302	267	267	228	228	150	156	277	286	350	358
2013_Bt_0078	Koevtsi	217	226	352	355	228	228	277	277	195	198	148	154	302	302	267	267	228	228	150	153	286	286	342	354
2013_Bt_0079	Koevtsi	217	226	355	355	225	225	277	280	198	201	154	154	302	302	267	267	228	237	135	156	280	286	354	354
2013_Bt_0081	Koevtsi	217	226	349	355	225	225	277	280	198	198	148	148	302	306	267	267	228	228	129	156	280	286	346	354
2013_Bt_0083	Koevtsi	223	226	355	358	219	225	277	280	198	201	151	154	302	302	267	267	228	237	135	135	280	286	342	342
2013_Bt_0084	Koevtsi	217	238	355	358	225	225	277	280	195	201	148	148	302	302	267	267	234	234	156	156	277	295	350	354
2013_Bt_0085	Koevtsi	217	226	355	358	222	222	277	280	195	201	148	154	302	302	267	267	228	228	150	150	280	280	346	354
2013_Bt_0086	Koevtsi	226	229	355	355	222	231	277	277	198	201	154	154	302	302	267	267	225	228	150	156	280	295	342	362
2013_Bt_0087	Koevtsi	232	232	355	355	228	228	277	277	183	186	148	154	302	302	267	267	237	237	144	156	286	286	354	366
2013_Bt_0088	Koevtsi	217	226	355	355	222	222	277	280	195	198	148	154	302	306	267	267	228	228	132	150	286	286	350	370
2013_Bt_0089	Koevtsi	217	226	349	358	222	225	277	280	195	198	148	154	302	306	267	267	228	228	132	150	280	286	354	354
2013_Bt_0108	Hlyabovo	217	223	355	358	231	231	277	277	195	201	154	154	302	302	267	267	228	228	156	156	286	286	346	354
2013_Bt_0111	Hlyabovo	217	223	349	355	222	225	277	280	198	201	148	154	302	302	267	267	228	234	144	150	280	286	342	354
2013_Bt_0112	Hlyabovo	217	217	349	355	222	222	277	277	183	192	154	154	302	302	267	267	228	243	156	162	286	286	354	354
2013_Bt_0113	Hlyabovo	217	223	355	355	222	222	277	277	195	195	148	154	302	306	267	267	228	243	144	156	286	286	346	354
2013_Bt_0114	Hlyabovo	229	238	355	358	222	225	277	277	195	198	148	154	302	302	264	267	225	231	144	156	286	286	338	354
2013_Bt_0115	Hlyabovo	217	226	349	355	222	222	277	280	195	201	154	154	302	306	267	267	228	228	144	156	286	289	354	362
2013_Bt_0116	Hlyabovo	217	220	355	358	222	222	277	280	198	201	148	148	302	306	267	267	225	225	144	147	277	286	354	362
2013_Bt_0117	Hlyabovo	217	217	355	355	225	225	277	280	198	198	148	148	306	306	267	267	228	228	135	156	286	295	346	350
2013_Bt_0118	Hlyabovo	229	235	355	355	222	225	277	277	201	201	148	154	302	302	264	267	237	237	144	156	286	286	346	354
2013_Bt_0119	Hlyabovo	220	235	352	355	222	222	277	280	198	201	148	154	302	302	267	267	228	228	150	156	286	295	346	362
2013_Bt_0127	Golitsa	226	226	355	355	222	228	277	277	195	201	151	154	302	302	267	267	228	228	153	174	286	295	350	354
2013_Bt_0128	Golitsa	226	232	349	355	222	225	277	277	198	201	154	154	302	302	267	267	228	228	156	156	280	289	342	350
2013_Bt_0129	Golitsa	232	241	355	355	225	225	280	280	192	195	154	154	302	302	267	267	228	228	150	156	289	295	350	350
2013_Bt_0131	Golitsa	229	232	349	349	222	228	277	277	195	198	154	154	302	302	267	267	228	228	135	153	280	289	354	354
2013_Bt_0132	Golitsa	217	217	355	358	225	225	277	277	183	195	148	154	302	302	267	267	225	237	150	156	286	289	346	354
2013_Bt_0133	Golitsa	223	229	355	355	222	225	277	280	198	201	154	154	302	302	267	270	228	237	144	150	286	289	346	354
2013_Bt_0134	Golitsa	226	229	355	361	222	225	277	280	195	195	154	154	302	302	267	267	228	237	156	156	286	286	350	354
2013_Bt_0135	Golitsa	232	238	355	355	225	228	280	280	183	195	148	154	302	302	264	267	228	243	144	156	286	289	354	354
2013_Bt_0136	Golitsa	226	235	355	355	222	231	277	277	192	195	151	154	302	302	267	267	228	228	144	156	286	295	346	354
2013_Bt_0139	Golitsa	217	238	352	355	225	225	277	280	198	204	151	154	302	302	264	267	228	228	150	156	280	289	354	354
2013_Bt_0141	Mengishevo	229	232	355	361	222	225	277	277	183	201	154	154	302	302	267	267	228	228	150	156	286	292	354	354
2013_Bt_0142	Mengishevo	220	220	346	349	222	225	277	277	198	201	148	148	302	302	267	273	228	228	135	144	295	298	350	350
2013_Bt_0143	Mengishevo	217	223	349	358	231	231	277	277	183	201	148	148	306	306	267	267	225	228	141	144	286	289	350	354
2013_Bt_0145	Mengishevo	226	226	355	358	225	225	274	280	192	195	148	148	302	306	264	267	228	228	135	156	286	286	354	354
2013_Bt_0146	Mengishevo	217	217	349	358	222	225	277	277	195	201	148	148	302	302	267	267	237	237	132	156	289	289	346	354
2013_Bt_0147	Mengishevo	217	217	355	355	222	225	274	280	198	207	148	154	302	306	264	267	228	228	144	156	277	286	354	354
2013_Bt_0148	Mengishevo	217	217	358	358	222	225	277	277	195	195	148	151	302	306	267	267	228	228	144	159	286	286	350	354
2013_Bt_0149	Mengishevo	217	232	358	358	225	225	280	280	195	198	154	154	306	306	267	267	225	228	144	156	286	286	354	358
2013_Bt_0150	Mengishevo	217	235	355	355	225	225	277	277	201	201	154	154	302	306	264	267	228	228	156	156	280	286	342	354
2013_Bt_0151	Mengishevo	217	217	355	355	225	231	277	280	198	201	148	148	302	306	267	267	228	228	156	162	286	286	354	354
2013_Bt_0152	Mengishevo	220	232	355	355	222	225	277	277	198	198	148	151	302	306	267	267	228	237	144	156	286	286	342	354
2013_Bt_0175	Orsova	226	235	355	358	222	222	277	277	198	201	148	148	302	302	267	267	228	228	150	156	286	286	342	358
2013_Bt_0176	Orsova	217	220	349	355	222	231	274	277	198	198	148	151	302	306	267	267	228	237	144	144	277	280	354	354
2013_Bt_0177	Orsova	217	217	349	355	222	225	277	277	198	198	148	154	302	306	267	267	225	237	150	150	286	289	350	354
2013_Bt_0178	Orsova	229	232	349	355	225	231	277	277	198	198	148	154	302	302	267	267	228	228	144	159	286	295	358	362
2013_Bt_0179	Orsova	217	235	355	358	225	228	277	277	195	198	148	148	302	302	267	267	228	228	156	171	277	289	354	354
2013_Bt_0181	Orsova	223	229	349	358	225	225	277	280	198	201	148	154	302	302	267	267	225	228	150	150	286	286	346	354
2013_Bt_0182	Orsova	220	223	355	355	222	225	277	277	195	201	148	154	302	302	267	267	228	228	144	150	286	286	346	362
2013_Bt_0183	Orsova	226	232	349	355	225	231	277	277	198	198	148	160	302	306	267	267	228	228	150	156	280	295	350	358
2013_Bt_0184	Orsova	226	238	349	358	222	231	274	277	198	198	148	148	302	302	267	267	228	228	132	168	280	286	354	354
2013_Bt_0185	Orsova	214	226	355	355	222	225	277	277	198	201	154	154	306	306	267	267	228	228	150	156	286	289	354	354
2013_Bt_0186	Orsova	229	232	349	364	222	225	274	277	198	201	148	148	302	302	267	267	228	228	156	162	280	286	350	350
2013_Bt_0187	Orsova	217	238	355	355	222	222	277	277	183	201	154	154	302	306	267	267	228	228	144	156	286	289	354	358
2013_Bt_0188	Orsova	232	232	355	355	225	225	274	277	195	201	148	148	302	306	267	267	228	228	150	153	280	283	350	350
2013_Bt_0191	Orsova	211	217	355	355	222	228	277	280	198	201	148	148	302	306	267	267	228	228	156	156	286	286	358	366